{"cameraMode":{"drawMode":0,"name":"Shaded","section":"Shading Mode"},"sceneLighting":false,"audioPlay":false,"sceneViewState":{"m_AlwaysRefresh":false,"showFog":true,"showSkybox":false,"showFlares":true,"showImageEffects":true,"showParticleSystems":true,"showVisualEffectGraphs":true,"m_FxEnabled":true},"in2DMode":false,"pivot":{"x":218.22999572753907,"y":14.618167877197266,"z":174.97999572753907},"rotation":{"x":0.06888942420482636,"y":-0.9278331398963928,"z":0.21559318900108338,"w":0.29648637771606448},"size":12.12435531616211,"orthographic":false}