{"cameraMode":{"drawMode":0,"name":"Shaded","section":"Shading Mode"},"sceneLighting":false,"audioPlay":false,"sceneViewState":{"m_AlwaysRefresh":false,"showFog":true,"showSkybox":false,"showFlares":true,"showImageEffects":true,"showParticleSystems":true,"showVisualEffectGraphs":true,"m_FxEnabled":true},"in2DMode":false,"pivot":{"x":246.75869750976563,"y":12.03030014038086,"z":139.27499389648438},"rotation":{"x":0.07036951184272766,"y":-0.9254480600357056,"z":0.2135763168334961,"w":0.3049304783344269},"size":0.08660617470741272,"orthographic":false}